bust_limit,veto_gap,draw_per_round,solo,bust,shared,avg_rounds,reach_final,veto_rate,rounds_with_veto,double_veto_rate,steal_decided,kingmaking,top_strategy,top_outright_wins,flags
20,5,1,0.12833333333333333,0.8716666666666667,0.0,3.2156666666666665,0.0,0.06911375661375661,0.11070799212190319,0.09657594381035997,0.027666666666666666,0.0,anchor,0.484,"bust win ends 87% of games. | 'anchor' wins 48% of games outright, at least twice the others' average (20%)."
20,5,2,0.42233333333333334,0.5043333333333333,0.07333333333333333,4.130333333333334,0.138,0.08434428746928747,0.14332983617141473,0.149895178197065,0.029,0.0,anchor,0.409,
20,10,1,0.13,0.87,0.0,3.2116666666666664,0.0,0.07145498243667961,0.06974571873378309,0.09388335704125178,0.018,0.0,anchor,0.48333333333333334,"bust win ends 87% of games. | 'anchor' wins 48% of games outright, at least twice the others' average (20%)."
20,10,2,0.436,0.49866666666666665,0.06533333333333333,4.112666666666667,0.13466666666666666,0.08482834994462901,0.10301507537688442,0.137546468401487,0.018,0.0,anchor,0.41133333333333333,
20,15,1,0.134,0.866,0.0,3.2063333333333333,0.0,0.054675523760858456,0.029732820459507224,0.08080808080808081,0.008333333333333333,0.0,anchor,0.4746666666666667,"bust win ends 87% of games. | 'anchor' wins 47% of games outright, at least twice the others' average (21%)."
20,15,2,0.447,0.493,0.06,4.068,0.123,0.06543624161073826,0.05440839069157653,0.12247838616714697,0.009333333333333334,0.0,careful_drifter,0.4076666666666667,
25,5,1,0.185,0.815,0.0,3.4836666666666667,0.0,0.07970333745364648,0.13003540331068797,0.08943089430894309,0.037,0.0003333333333333333,anchor,0.41833333333333333,bust win ends 82% of games.
25,5,2,0.5796666666666667,0.30866666666666664,0.11166666666666666,4.45,0.19133333333333333,0.09560236124209717,0.16337078651685394,0.14267782426778242,0.037333333333333336,0.0,careful_drifter,0.5126666666666667,"'careful_drifter' wins 51% of games outright, at least twice the others' average (17%)."
25,10,1,0.187,0.813,0.0,3.4803333333333333,0.0,0.08118906824356721,0.08466621971075568,0.08583690987124463,0.024666666666666667,0.0003333333333333333,anchor,0.41633333333333333,bust win ends 81% of games.
25,10,2,0.5896666666666667,0.30733333333333335,0.103,4.419333333333333,0.17833333333333334,0.09347750261597489,0.11600543068336099,0.14146341463414633,0.020666666666666667,0.0,careful_drifter,0.5246666666666666,"'careful_drifter' wins 52% of games outright, at least twice the others' average (17%)."
25,15,1,0.19033333333333333,0.8096666666666666,0.0,3.4736666666666665,0.0003333333333333333,0.06047094886442803,0.03723251127530947,0.06896551724137931,0.012333333333333333,0.0,anchor,0.4096666666666667,bust win ends 81% of games.
25,15,2,0.611,0.298,0.091,4.358,0.16466666666666666,0.06915444987413001,0.060578246902248736,0.11630695443645084,0.009666666666666667,0.0,careful_drifter,0.544,"'careful_drifter' wins 54% of games outright, at least twice the others' average (16%)."
30,5,1,0.24,0.76,0.0,3.6706666666666665,0.0,0.08967928955965582,0.14729386124228114,0.09588268471517203,0.04066666666666666,0.0003333333333333333,anchor,0.378,bust win ends 76% of games.
30,5,2,0.706,0.17566666666666667,0.11833333333333333,4.557666666666667,0.20466666666666666,0.09961334961334961,0.17106706648138667,0.1396343835083625,0.043333333333333335,0.0,careful_drifter,0.6146666666666667,"solo win ends 71% of games. | 'careful_drifter' wins 61% of games outright, at least twice the others' average (11%)."
30,10,1,0.241,0.759,0.0,3.667666666666667,0.0,0.09016929448521398,0.09606470962464782,0.08619173262972735,0.024333333333333332,0.0003333333333333333,anchor,0.379,bust win ends 76% of games.
30,10,2,0.7213333333333334,0.17333333333333334,0.10533333333333333,4.527333333333333,0.19433333333333333,0.09658817876021143,0.12104255632454719,0.14448886350656767,0.017666666666666667,0.0,careful_drifter,0.632,"solo win ends 72% of games. | 'careful_drifter' wins 63% of games outright, at least twice the others' average (11%)."
30,15,1,0.24833333333333332,0.7516666666666667,0.0,3.656,0.0003333333333333333,0.07000746083063915,0.045040116703136394,0.07869481765834933,0.012,0.0,anchor,0.371,bust win ends 75% of games.
30,15,2,0.736,0.16666666666666666,0.09733333333333333,4.4623333333333335,0.18,0.07191537697004118,0.06289684021812206,0.1386696730552424,0.010333333333333333,0.0,careful_drifter,0.6473333333333333,"solo win ends 74% of games. | 'careful_drifter' wins 65% of games outright, at least twice the others' average (11%)."
35,5,1,0.30133333333333334,0.6986666666666667,0.0,3.7876666666666665,0.0003333333333333333,0.09690230341540905,0.15937692510780604,0.09769539078156313,0.050333333333333334,0.0006666666666666666,anchor,0.3403333333333333,
35,5,2,0.7723333333333333,0.09433333333333334,0.13333333333333333,4.6193333333333335,0.223,0.10433188937020993,0.1801125703564728,0.136,0.047,0.0,careful_drifter,0.6656666666666666,"solo win ends 77% of games. | 'careful_drifter' wins 67% of games outright, at least twice the others' average (7%)."
35,10,1,0.30366666666666664,0.6963333333333334,0.0,3.7853333333333334,0.0,0.09828382383348266,0.10672772102853118,0.09307692307692307,0.029333333333333333,0.0003333333333333333,anchor,0.344,
35,10,2,0.7916666666666666,0.09133333333333334,0.117,4.58,0.20766666666666667,0.10074925781065926,0.12758369723435226,0.1376,0.02266666666666667,0.0,careful_drifter,0.6876666666666666,"solo win ends 79% of games. | 'careful_drifter' wins 69% of games outright, at least twice the others' average (7%)."
35,15,1,0.313,0.687,0.0,3.771,0.0003333333333333333,0.07512012187976093,0.049588968443383716,0.07563025210084033,0.012666666666666666,0.0,anchor,0.33466666666666667,
35,15,2,0.8086666666666666,0.08766666666666667,0.10366666666666667,4.494,0.18666666666666668,0.07389783065080475,0.06593977154724819,0.1248665955176094,0.011666666666666667,0.0,careful_drifter,0.71,"solo win ends 81% of games. | 'careful_drifter' wins 71% of games outright, at least twice the others' average (7%)."
40,5,1,0.3546666666666667,0.6453333333333333,0.0,3.8746666666666667,0.001,0.10186138274146508,0.16844459738472126,0.09468822170900693,0.053,0.001,careful_drifter,0.335,
40,5,2,0.8056666666666666,0.057,0.13733333333333334,4.623,0.228,0.10668218085106383,0.18263753695291657,0.14438884917798428,0.04766666666666667,0.0,careful_drifter,0.697,"solo win ends 81% of games. | 'careful_drifter' wins 70% of games outright, at least twice the others' average (6%)."
40,10,1,0.358,0.642,0.0,3.8716666666666666,0.0003333333333333333,0.10311478690055359,0.11269909599655618,0.09058740268931352,0.032,0.0003333333333333333,careful_drifter,0.3473333333333333,
40,10,2,0.8216666666666667,0.05533333333333333,0.123,4.578,0.211,0.10464515522990935,0.1309159749526722,0.1476510067114094,0.024,0.0,careful_drifter,0.7153333333333334,"solo win ends 82% of games. | 'careful_drifter' wins 72% of games outright, at least twice the others' average (6%)."
40,15,1,0.37166666666666665,0.6283333333333333,0.0,3.853666666666667,0.0006666666666666666,0.0788349077822762,0.05336908571922844,0.06707317073170732,0.012333333333333333,0.0,careful_drifter,0.36933333333333335,
40,15,2,0.8416666666666667,0.050333333333333334,0.108,4.49,0.18833333333333332,0.07651493996090478,0.06792873051224944,0.13016528925619836,0.011666666666666667,0.0,careful_drifter,0.7386666666666667,"solo win ends 84% of games. | 'careful_drifter' wins 74% of games outright, at least twice the others' average (5%)."
